﻿<?xml version="1.0" encoding="UTF-8" standalone="no"?>
<app version="1">
<name>NP2</name>
<coder>Yui</coder>
<version>0.83_beta6</version>
<release_date>20110828</release_date>
<short_description>NEC PC-9801 Emulator</short_description>
<long_description>
NEC PC-9801 Emulator, NP2(Neko Project II), for Wii.
Original Source code by Yui at http://www.retropc.net/yui/np2.html, and modified source includes this file set by Rako. For more informaion, see http://wiibrew.org/wiki/Neko_Project_II
</long_description>
</app>